#chr	start	end	number_of_dms	hypermethylated_samples	hypomethylated_samples	methylation_level_EPI-205	methylation_level_EPI-206	methylation_level_EPI-214	methylation_level_EPI-215	methylation_level_EPI-220	methylation_level_EPI-221	methylation_level_EPI-226	methylation_level_EPI-227
PGA_scaffold12__71_contigs__length_50438331	16469179	16469205	3	EPI-206,EPI-205	EPI-214	1.0	1.0	0.0	NA	NA	NA	NA	NA
PGA_scaffold1__77_contigs__length_89643857	2316019	2316195	3	EPI-205,EPI-227	EPI-215	0.9795918367346939	0.9827586206896551	1.0	0.5546218487394958	0.569620253164557	0.6097560975609756	0.9583333333333334	0.9583333333333334
PGA_scaffold4__129_contigs__length_65288255	12562372	12563194	6	EPI-206,EPI-226	EPI-214,EPI-215	0.6570048309178744	0.7645502645502645	0.005714285714285714	0.01935483870967742	0.5378151260504201	0.25892857142857145	0.5663716814159292	0.8076923076923077
PGA_scaffold4__129_contigs__length_65288255	12711735	12711757	3	EPI-214,EPI-215	EPI-205,EPI-206	0.0	0.0	0.9545454545454546	0.9642857142857143	NA	0.4375	0.0	0.6666666666666666
PGA_scaffold6__104_contigs__length_61759565	52001653	52002099	3	EPI-214,EPI-215	EPI-205,EPI-206	0.0	0.0	1.0	0.813953488372093	0.7272727272727273	NA	NA	NA
