#chr	start	end	number_of_dms	hypermethylated_samples	hypomethylated_samples	methylation_level_EPI-205	methylation_level_EPI-206	methylation_level_EPI-214	methylation_level_EPI-215	methylation_level_EPI-220	methylation_level_EPI-221	methylation_level_EPI-226	methylation_level_EPI-227
PGA_scaffold14__91_contigs__length_45393038	6931832	6932023	3	EPI-215,EPI-214	EPI-206	NA	0.0	0.9393939393939394	0.9705882352941176	0.4	NA	0.0	0.9565217391304348
PGA_scaffold4__129_contigs__length_65288255	13169633	13169693	6	EPI-215,EPI-214	EPI-205,EPI-206	0.03571428571428571	0.0	0.9782608695652174	0.9841269841269841	0.0	0.7692307692307693	NA	0.75
PGA_scaffold6__104_contigs__length_61759565	52001654	52002099	3	EPI-214,EPI-215	EPI-205,EPI-206	0.0	0.0	1.0	0.8611111111111112	0.875	NA	NA	NA
PGA_scaffold8__63_contigs__length_61151155	60436992	60437264	3	EPI-206,EPI-227	EPI-215,EPI-221,EPI-214	0.3333333333333333	0.8048780487804879	0.46745562130177515	0.13414634146341464	0.5543478260869565	0.13793103448275862	0.5670103092783505	0.6835443037974683
